"/Q (modelFiles=ts18sl_scl_mat.lib:ff_18,mcparamset=1) X","/Q (modelFiles=ts18sl_scl_mat.lib:ff_18,mcparamset=1) Y","/Q (modelFiles=ts18sl_scl_mat.lib:ff_18,mcparamset=2) X","/Q (modelFiles=ts18sl_scl_mat.lib:ff_18,mcparamset=2) Y","/Q (modelFiles=ts18sl_scl_mat.lib:ff_18,mcparamset=3) X","/Q (modelFiles=ts18sl_scl_mat.lib:ff_18,mcparamset=3) Y","/Q (modelFiles=ts18sl_scl_mat.lib:ff_18,mcparamset=4) X","/Q (modelFiles=ts18sl_scl_mat.lib:ff_18,mcparamset=4) Y","/Q (modelFiles=ts18sl_scl_mat.lib:ff_18,mcparamset=5) X","/Q (modelFiles=ts18sl_scl_mat.lib:ff_18,mcparamset=5) Y","/Q (modelFiles=ts18sl_scl_mat.lib:ff_18,mcparamset=6) X","/Q (modelFiles=ts18sl_scl_mat.lib:ff_18,mcparamset=6) Y","/Q (modelFiles=ts18sl_scl_mat.lib:ff_18,mcparamset=7) X","/Q (modelFiles=ts18sl_scl_mat.lib:ff_18,mcparamset=7) Y","/Q (modelFiles=ts18sl_scl_mat.lib:ff_18,mcparamset=8) X","/Q (modelFiles=ts18sl_scl_mat.lib:ff_18,mcparamset=8) Y","/Q (modelFiles=ts18sl_scl_mat.lib:ff_18,mcparamset=9) X","/Q (modelFiles=ts18sl_scl_mat.lib:ff_18,mcparamset=9) Y","/Q (modelFiles=ts18sl_scl_mat.lib:ff_18,mcparamset=10) X","/Q (modelFiles=ts18sl_scl_mat.lib:ff_18,mcparamset=10) Y","/Q (modelFiles=ts18sl_scl_mat.lib:fs_18,mcparamset=1) X","/Q (modelFiles=ts18sl_scl_mat.lib:fs_18,mcparamset=1) Y","/Q (modelFiles=ts18sl_scl_mat.lib:fs_18,mcparamset=2) X","/Q (modelFiles=ts18sl_scl_mat.lib:fs_18,mcparamset=2) Y","/Q (modelFiles=ts18sl_scl_mat.lib:fs_18,mcparamset=3) X","/Q (modelFiles=ts18sl_scl_mat.lib:fs_18,mcparamset=3) Y","/Q (modelFiles=ts18sl_scl_mat.lib:fs_18,mcparamset=4) X","/Q (modelFiles=ts18sl_scl_mat.lib:fs_18,mcparamset=4) Y","/Q (modelFiles=ts18sl_scl_mat.lib:fs_18,mcparamset=5) X","/Q (modelFiles=ts18sl_scl_mat.lib:fs_18,mcparamset=5) Y","/Q (modelFiles=ts18sl_scl_mat.lib:fs_18,mcparamset=6) X","/Q (modelFiles=ts18sl_scl_mat.lib:fs_18,mcparamset=6) Y","/Q (modelFiles=ts18sl_scl_mat.lib:fs_18,mcparamset=7) X","/Q (modelFiles=ts18sl_scl_mat.lib:fs_18,mcparamset=7) Y","/Q (modelFiles=ts18sl_scl_mat.lib:fs_18,mcparamset=8) X","/Q (modelFiles=ts18sl_scl_mat.lib:fs_18,mcparamset=8) Y","/Q (modelFiles=ts18sl_scl_mat.lib:fs_18,mcparamset=9) X","/Q (modelFiles=ts18sl_scl_mat.lib:fs_18,mcparamset=9) Y","/Q (modelFiles=ts18sl_scl_mat.lib:fs_18,mcparamset=10) X","/Q (modelFiles=ts18sl_scl_mat.lib:fs_18,mcparamset=10) Y","/Q (modelFiles=ts18sl_scl_mat.lib:sf_18,mcparamset=1) X","/Q (modelFiles=ts18sl_scl_mat.lib:sf_18,mcparamset=1) Y","/Q (modelFiles=ts18sl_scl_mat.lib:sf_18,mcparamset=2) X","/Q (modelFiles=ts18sl_scl_mat.lib:sf_18,mcparamset=2) Y","/Q (modelFiles=ts18sl_scl_mat.lib:sf_18,mcparamset=3) X","/Q (modelFiles=ts18sl_scl_mat.lib:sf_18,mcparamset=3) Y","/Q (modelFiles=ts18sl_scl_mat.lib:sf_18,mcparamset=4) X","/Q (modelFiles=ts18sl_scl_mat.lib:sf_18,mcparamset=4) Y","/Q (modelFiles=ts18sl_scl_mat.lib:sf_18,mcparamset=5) X","/Q (modelFiles=ts18sl_scl_mat.lib:sf_18,mcparamset=5) Y","/Q (modelFiles=ts18sl_scl_mat.lib:sf_18,mcparamset=6) X","/Q (modelFiles=ts18sl_scl_mat.lib:sf_18,mcparamset=6) Y","/Q (modelFiles=ts18sl_scl_mat.lib:sf_18,mcparamset=7) X","/Q (modelFiles=ts18sl_scl_mat.lib:sf_18,mcparamset=7) Y","/Q (modelFiles=ts18sl_scl_mat.lib:sf_18,mcparamset=8) X","/Q (modelFiles=ts18sl_scl_mat.lib:sf_18,mcparamset=8) Y","/Q (modelFiles=ts18sl_scl_mat.lib:sf_18,mcparamset=9) X","/Q (modelFiles=ts18sl_scl_mat.lib:sf_18,mcparamset=9) Y","/Q (modelFiles=ts18sl_scl_mat.lib:sf_18,mcparamset=10) X","/Q (modelFiles=ts18sl_scl_mat.lib:sf_18,mcparamset=10) Y","/Q (modelFiles=ts18sl_scl_mat.lib:ss_18,mcparamset=1) X","/Q (modelFiles=ts18sl_scl_mat.lib:ss_18,mcparamset=1) Y","/Q (modelFiles=ts18sl_scl_mat.lib:ss_18,mcparamset=2) X","/Q (modelFiles=ts18sl_scl_mat.lib:ss_18,mcparamset=2) Y","/Q (modelFiles=ts18sl_scl_mat.lib:ss_18,mcparamset=3) X","/Q (modelFiles=ts18sl_scl_mat.lib:ss_18,mcparamset=3) Y","/Q (modelFiles=ts18sl_scl_mat.lib:ss_18,mcparamset=4) X","/Q (modelFiles=ts18sl_scl_mat.lib:ss_18,mcparamset=4) Y","/Q (modelFiles=ts18sl_scl_mat.lib:ss_18,mcparamset=5) X","/Q (modelFiles=ts18sl_scl_mat.lib:ss_18,mcparamset=5) Y","/Q (modelFiles=ts18sl_scl_mat.lib:ss_18,mcparamset=6) X","/Q (modelFiles=ts18sl_scl_mat.lib:ss_18,mcparamset=6) Y","/Q (modelFiles=ts18sl_scl_mat.lib:ss_18,mcparamset=7) X","/Q (modelFiles=ts18sl_scl_mat.lib:ss_18,mcparamset=7) Y","/Q (modelFiles=ts18sl_scl_mat.lib:ss_18,mcparamset=8) X","/Q (modelFiles=ts18sl_scl_mat.lib:ss_18,mcparamset=8) Y","/Q (modelFiles=ts18sl_scl_mat.lib:ss_18,mcparamset=9) X","/Q (modelFiles=ts18sl_scl_mat.lib:ss_18,mcparamset=9) Y","/Q (modelFiles=ts18sl_scl_mat.lib:ss_18,mcparamset=10) X","/Q (modelFiles=ts18sl_scl_mat.lib:ss_18,mcparamset=10) Y"
0,1.79999951,0,1.79999962,0,1.799999804,0,1.799999411,0,1.799999644,0,1.799999571,0,1.799999729,0,1.799999537,0,1.799999713,0,1.799999297,0,1.799999813,0,1.799999845,0,1.799999897,0,1.799999785,0,1.79999985,0,1.799999831,0,1.799999875,0,1.79999982,0,1.799999872,0,1.799999751,0,1.799999948,0,1.79999995,0,1.799999951,0,1.799999947,0,1.799999949,0,1.799999949,0,1.79999995,0,1.799999948,0,1.799999951,0,1.799999944,0,1.799999929,0,1.799999931,0,1.79999993,0,1.799999928,0,1.799999928,0,1.79999993,0,1.799999929,0,1.799999929,0,1.799999931,0,1.799999927
0.036,1.79999848,0.036,1.799998838,0.036,1.79999945,0.036,1.799998158,0.036,1.799998923,0.036,1.799998678,0.036,1.799999202,0.036,1.799998569,0.036,1.799999146,0.036,1.799997786,0.036,1.799999516,0.036,1.799999621,0.036,1.799999794,0.036,1.799999422,0.036,1.799999642,0.036,1.799999574,0.036,1.799999723,0.036,1.799999541,0.036,1.799999709,0.036,1.799999312,0.036,1.799999934,0.036,1.799999939,0.036,1.799999946,0.036,1.799999929,0.036,1.799999938,0.036,1.799999937,0.036,1.799999943,0.036,1.799999934,0.036,1.799999943,0.036,1.799999924,0.036,1.799999922,0.036,1.799999925,0.036,1.799999927,0.036,1.79999992,0.036,1.799999923,0.036,1.799999924,0.036,1.799999925,0.036,1.799999922,0.036,1.799999926,0.036,1.799999917
0.072,1.799995139,0.072,1.799996293,0.072,1.799998283,0.072,1.799994105,0.072,1.799996569,0.072,1.799995777,0.072,1.799997474,0.072,1.799995426,0.072,1.799997293,0.072,1.799992914,0.072,1.799998536,0.072,1.799998879,0.072,1.799999457,0.072,1.799998228,0.072,1.799998954,0.072,1.799998725,0.072,1.799999221,0.072,1.799998619,0.072,1.79999917,0.072,1.799997869,0.072,1.799999889,0.072,1.799999905,0.072,1.79999993,0.072,1.799999875,0.072,1.799999907,0.072,1.799999897,0.072,1.799999919,0.072,1.799999892,0.072,1.799999918,0.072,1.799999858,0.072,1.799999902,0.072,1.79999991,0.072,1.799999919,0.072,1.799999895,0.072,1.799999908,0.072,1.799999906,0.072,1.799999914,0.072,1.799999902,0.072,1.799999915,0.072,1.799999887
0.108,1.799984548,0.108,1.799988173,0.108,1.799994499,0.108,1.799981329,0.108,1.799989034,0.108,1.799986548,0.108,1.799991908,0.108,1.799985442,0.108,1.799991334,0.108,1.799977638,0.108,1.799995332,0.108,1.799996446,0.108,1.799998343,0.108,1.799994334,0.108,1.799996696,0.108,1.799995947,0.108,1.799997568,0.108,1.799995603,0.108,1.799997401,0.108,1.799993175,0.108,1.799999743,0.108,1.799999794,0.108,1.799999879,0.108,1.799999697,0.108,1.799999804,0.108,1.799999771,0.108,1.799999844,0.108,1.799999755,0.108,1.799999837,0.108,1.799999643,0.108,1.799999839,0.108,1.799999862,0.108,1.799999896,0.108,1.799999819,0.108,1.799999863,0.108,1.799999851,0.108,1.799999881,0.108,1.799999843,0.108,1.799999879,0.108,1.799999796
0.144,1.799952241,0.144,1.79996314,0.144,1.79998251,0.144,1.799942689,0.144,1.799965694,0.144,1.799958231,0.144,1.799974484,0.144,1.799954892,0.144,1.799972739,0.144,1.799931809,0.144,1.799985044,0.144,1.799988596,0.144,1.7999947,0.144,1.799981889,0.144,1.799989387,0.144,1.799987002,0.144,1.799992191,0.144,1.799985902,0.144,1.799991653,0.144,1.799978233,0.144,1.799999267,0.144,1.799999433,0.144,1.799999714,0.144,1.799999118,0.144,1.79999947,0.144,1.799999359,0.144,1.7999996,0.144,1.799999307,0.144,1.799999575,0.144,1.799998944,0.144,1.799999637,0.144,1.799999709,0.144,1.799999825,0.144,1.799999574,0.144,1.79999972,0.144,1.799999676,0.144,1.799999776,0.144,1.799999653,0.144,1.799999767,0.144,1.799999499
0.18,1.799859195,0.18,1.799889941,0.18,1.799945984,0.18,1.799832727,0.18,1.799896962,0.18,1.799876006,0.18,1.799922364,0.18,1.799866511,0.18,1.799917389,0.18,1.799802824,0.18,1.799953036,0.18,1.799963955,0.18,1.799983001,0.18,1.799943446,0.18,1.799966343,0.18,1.799959035,0.18,1.799975092,0.18,1.799955635,0.18,1.799973429,0.18,1.799932387,0.18,1.799997724,0.18,1.79999826,0.18,1.799999177,0.18,1.799997244,0.18,1.799998384,0.18,1.79999802,0.18,1.799998803,0.18,1.799997856,0.18,1.799998721,0.18,1.799996687,0.18,1.799998983,0.18,1.799999213,0.18,1.799999596,0.18,1.799998779,0.18,1.799999258,0.18,1.799999109,0.18,1.799999437,0.18,1.799999037,0.18,1.799999406,0.18,1.799998538
0.216,1.799610675,0.216,1.799690739,0.216,1.799841003,0.216,1.799543185,0.216,1.799708233,0.216,1.799654163,0.216,1.799776275,0.216,1.799629162,0.216,1.799763251,0.216,1.799467499,0.216,1.799858202,0.216,1.799889983,0.216,1.79994661,0.216,1.799830746,0.216,1.799896709,0.216,1.799875577,0.216,1.799922726,0.216,1.799865598,0.216,1.799917864,0.216,1.799799292,0.216,1.799992791,0.216,1.799994495,0.216,1.799997434,0.216,1.799991272,0.216,1.799994889,0.216,1.799993732,0.216,1.799996232,0.216,1.799993209,0.216,1.799995968,0.216,1.799989518,0.216,1.799996867,0.216,1.799997606,0.216,1.799998852,0.216,1.79999621,0.216,1.799997758,0.216,1.799997274,0.216,1.799998338,0.216,1.799997042,0.216,1.799998233,0.216,1.799995439
0.252,1.798999943,0.252,1.799191731,0.252,1.799561361,0.252,1.798841578,0.252,1.799230919,0.252,1.799103402,0.252,1.799398354,0.252,1.799042656,0.252,1.799367406,0.252,1.798664798,0.252,1.799595734,0.252,1.799681678,0.252,1.7998389,0.252,1.799523011,0.252,1.799698896,0.252,1.799642415,0.252,1.799771166,0.252,1.799615095,0.252,1.799758032,0.252,1.799440232,0.252,1.799977397,0.252,1.799982664,0.252,1.79999186,0.252,1.799972744,0.252,1.799983868,0.252,1.799980297,0.252,1.799988067,0.252,1.799978675,0.252,1.799987248,0.252,1.799967393,0.252,1.799990103,0.252,1.799992452,0.252,1.799996445,0.252,1.799988022,0.252,1.799992935,0.252,1.799991395,0.252,1.799994791,0.252,1.799990655,0.252,1.799994452,0.252,1.799985586
0.288,1.79761097,0.288,1.798037626,0.288,1.798876178,0.288,1.797265294,0.288,1.798117291,0.288,1.797839601,0.288,1.798498172,0.288,1.797702259,0.288,1.79843099,0.288,1.796880207,0.288,1.798925729,0.288,1.799139669,0.288,1.799541294,0.288,1.798748635,0.288,1.799178985,0.288,1.79904108,0.288,1.799363955,0.288,1.798971955,0.288,1.799331759,0.288,1.798547834,0.288,1.79993123,0.288,1.799946799,0.288,1.799974467,0.288,1.799917665,0.288,1.799950276,0.288,1.799939768,0.288,1.79996291,0.288,1.79993494,0.288,1.799960475,0.288,1.799902159,0.288,1.799968946,0.288,1.799976233,0.288,1.799988738,0.288,1.799962549,0.288,1.799977693,0.288,1.799972944,0.288,1.799983514,0.288,1.799970633,0.288,1.799982465,0.288,1.799955081
0.324,1.794663732,0.324,1.795550485,0.324,1.797322458,0.324,1.793959849,0.324,1.795697772,0.324,1.795135523,0.324,1.796506484,0.324,1.794844802,0.324,1.796371842,0.324,1.793176936,0.324,1.797346703,0.324,1.797839746,0.324,1.798783108,0.324,1.796946864,0.324,1.797919751,0.324,1.797610594,0.324,1.798356246,0.324,1.797448176,0.324,1.798284749,0.324,1.796493658,0.324,1.799800614,0.324,1.799843778,0.324,1.799922352,0.324,1.799763693,0.324,1.79985305,0.324,1.799824151,0.324,1.799888931,0.324,1.799810633,0.324,1.799882154,0.324,1.799721775,0.324,1.799905138,0.324,1.799926834,0.324,1.799964614,0.324,1.799886352,0.324,1.799930997,0.324,1.799916991,0.324,1.79994862,0.324,1.799910046,0.324,1.799945514,0.324,1.799864502
0.36,1.788857228,0.36,1.790562435,0.36,1.794036231,0.36,1.787538048,0.36,1.790800052,0.36,1.789756315,0.36,1.792395716,0.36,1.789184165,0.36,1.792149693,0.36,1.786071861,0.36,1.793877529,0.36,1.794940357,0.36,1.796999592,0.36,1.793033063,0.36,1.795085613,0.36,1.79444213,0.36,1.796045881,0.36,1.794084247,0.36,1.795900506,0.36,1.79207427,0.36,1.799457644,0.36,1.799568284,0.36,1.799775132,0.36,1.799364994,0.36,1.799590608,0.36,1.799517564,0.36,1.799685138,0.36,1.799482436,0.36,1.799667848,0.36,1.799260383,0.36,1.799722824,0.36,1.799783698,0.36,1.799891834,0.36,1.799671082,0.36,1.799794599,0.36,1.799755884,0.36,1.799845183,0.36,1.799736134,0.36,1.799836571,0.36,1.799611149
0.396,1.77838937,0.396,1.781379265,0.396,1.787586568,0.396,1.776147117,0.396,1.78167931,0.396,1.779947812,0.396,1.7845596,0.396,1.778912051,0.396,1.784165917,0.396,1.773645014,0.396,1.786755263,0.396,1.788894495,0.396,1.793087755,0.396,1.785096705,0.396,1.78911842,0.396,1.787881503,0.396,1.791095017,0.396,1.787141644,0.396,1.790825618,0.396,1.783207268,0.396,1.798626713,0.396,1.79888854,0.396,1.799389366,0.396,1.798411961,0.396,1.798936665,0.396,1.798767503,0.396,1.799166159,0.396,1.798682937,0.396,1.799126124,0.396,1.798170063,0.396,1.799237238,0.396,1.799395884,0.396,1.799683933,0.396,1.799105308,0.396,1.799421316,0.396,1.799322763,0.396,1.799556649,0.396,1.799270353,0.396,1.799534793,0.396,1.798952858
0.432,1.761247508,0.432,1.76602054,0.432,1.776004999,0.432,1.757787158,0.432,1.766227134,0.432,1.763701694,0.432,1.770946136,0.432,1.761974916,0.432,1.770423612,0.432,1.753873391,0.432,1.773226935,0.432,1.777201101,0.432,1.78507015,0.432,1.77023796,0.432,1.777437105,0.432,1.775295119,0.432,1.781205689,0.432,1.773869818,0.432,1.78077005,0.432,1.766802499,0.432,1.796757058,0.432,1.797334554,0.432,1.79845677,0.432,1.796292593,0.432,1.797427953,0.432,1.797065394,0.432,1.79794504,0.432,1.79687518,0.432,1.797860349,0.432,1.795769277,0.432,1.798039658,0.432,1.79842273,0.432,1.799130522,0.432,1.797728055,0.432,1.79847441,0.432,1.798244529,0.432,1.798809382,0.432,1.798115086,0.432,1.798759325,0.432,1.797367487
0.468,1.735505896,0.468,1.742558084,0.468,1.757091476,0.468,1.730565801,0.468,1.742309936,0.468,1.73907705,0.468,1.749402861,0.468,1.736380576,0.468,1.748878905,0.468,1.72483114,0.468,1.749638286,0.468,1.756435753,0.468,1.769856518,0.468,1.744699323,0.468,1.756381483,0.468,1.753125484,0.468,1.762985146,0.468,1.750560799,0.468,1.762425384,0.468,1.738901592,0.468,1.792823713,0.468,1.794015914,0.468,1.796362593,0.468,1.791885519,0.468,1.794177187,0.468,1.793455248,0.468,1.795267354,0.468,1.79305354,0.468,1.795102637,0.468,1.790827017,0.468,1.795288867,0.468,1.796153761,0.468,1.797766291,0.468,1.794600094,0.468,1.79624326,0.468,1.795747679,0.468,1.797015177,0.468,1.795447641,0.468,1.796911621,0.468,1.793798963
0.504,1.699239315,0.504,1.709150489,0.504,1.728687583,0.504,1.692528277,0.504,1.707801786,0.504,1.704175659,0.504,1.717834174,0.504,1.700125789,0.504,1.717586385,0.504,1.684419742,0.504,1.711505755,0.504,1.722421305,0.504,1.743280366,0.504,1.703852975,0.504,1.721270688,0.504,1.717013365,0.504,1.732039249,0.504,1.712602272,0.504,1.731618461,0.504,1.694497382,0.504,1.78513137,0.504,1.787412963,0.504,1.791966214,0.504,1.783384175,0.504,1.787641339,0.504,1.786327947,0.504,1.789780426,0.504,1.785536345,0.504,1.789492018,0.504,1.781405361,0.504,1.789356165,0.504,1.791194392,0.504,1.794632381,0.504,1.787925771,0.504,1.79131423,0.504,1.790322567,0.504,1.792986623,0.504,1.789664857,0.504,1.792793258,0.504,1.78624831
0.54,1.64989986,0.54,1.663571814,0.54,1.688479895,0.54,1.640943853,0.54,1.660018242,0.54,1.656589681,0.54,1.673812036,0.54,1.65055686,0.54,1.674333277,0.54,1.629500156,0.54,1.652440923,0.54,1.669644776,0.54,1.699936741,0.54,1.640776241,0.54,1.665503687,0.54,1.6609657,0.54,1.68251505,0.54,1.653355311,0.54,1.682958331,0.54,1.625472494,0.54,1.771320228,0.54,1.775323966,0.54,1.783387783,0.54,1.768352535,0.54,1.775519274,0.54,1.77339351,0.54,1.779375023,0.54,1.771947298,0.54,1.778945169,0.54,1.764953473,0.54,1.777363557,0.54,1.781025318,0.54,1.787867731,0.54,1.774594202,0.54,1.7810765,0.54,1.779267014,0.54,1.784481113,0.54,1.777903345,0.54,1.784169346,0.54,1.771300312
0.576,1.5829419,0.576,1.602116801,0.576,1.633091293,0.576,1.570733658,0.576,1.594276981,0.576,1.592155116,0.576,1.613422305,0.576,1.582908933,0.576,1.61563107,0.576,1.553871574,0.576,1.55884354,0.576,1.587871493,0.576,1.631102458,0.576,1.538727865,0.576,1.574872686,0.576,1.572998912,0.576,1.603822039,0.576,1.557811325,0.576,1.607101763,0.576,1.509088246,0.576,1.748616522,0.576,1.755086465,0.576,1.768007922,0.576,1.74398813,0.576,1.754918695,0.576,1.751916503,0.576,1.761289076,0.576,1.749448251,0.576,1.76079877,0.576,1.738556168,0.576,1.754783786,0.576,1.761601333,0.576,1.774161151,0.576,1.749798959,0.576,1.761183969,0.576,1.758277173,0.576,1.767663759,0.576,1.755592067,0.576,1.767295702,0.576,1.743700909
0.612,1.488559873,0.612,1.516948252,0.612,1.55583026,0.612,1.470425827,0.612,1.50029428,0.612,1.501988678,0.612,1.528305589,0.612,1.486773291,0.612,1.534346017,0.612,1.442334533,0.612,1.36950647,0.612,1.440856139,0.612,1.5118919,0.612,1.318886461,0.612,1.388011642,0.612,1.404311818,0.612,1.45795567,0.612,1.360159772,0.612,1.474390913,0.612,1.247620972,0.612,1.713912703,0.612,1.723771232,0.612,1.74268793,0.612,1.707111862,0.612,1.722494781,0.612,1.718855149,0.612,1.732319975,0.612,1.714819212,0.612,1.732048079,0.612,1.698783345,0.612,1.714834055,0.612,1.726946173,0.612,1.748176103,0.612,1.706285131,0.612,1.724837906,0.612,1.720935365,0.612,1.736523903,0.612,1.715769139,0.612,1.736474754,0.612,1.695228425
0.648,1.355579488,0.648,1.388836093,0.648,1.44045535,0.648,1.328618927,0.648,1.36451472,0.648,1.371219611,0.648,1.397167261,0.648,1.351929665,0.648,1.413857419,0.648,1.288174599,0.648,1.186001595,0.648,1.185738946,0.648,1.253983653,0.648,1.158058288,0.648,1.196889893,0.648,1.194709963,0.648,1.198571871,0.648,1.185066522,0.648,1.224030016,0.648,1.122613203,0.648,1.662984677,0.648,1.677721293,0.648,1.70368605,0.648,1.653172328,0.648,1.673791248,0.648,1.670234976,0.648,1.688484326,0.648,1.663646426,0.648,1.689065182,0.648,1.640319805,0.648,1.64479655,0.648,1.667270676,0.648,1.701300903,0.648,1.629494128,0.648,1.659276078,0.648,1.655790388,0.648,1.680698542,0.648,1.645104204,0.648,1.682566487,0.648,1.6070896
0.684,1.238847427,0.684,1.241704499,0.684,1.292993615,0.684,1.213350109,0.684,1.245943299,0.684,1.247623729,0.684,1.249359841,0.684,1.236695339,0.684,1.272309904,0.684,1.177754023,0.684,1.100354123,0.684,1.086840318,0.684,1.137944424,0.684,1.076412151,0.684,1.11207051,0.684,1.105314295,0.684,1.101639949,0.684,1.101142576,0.684,1.118527277,0.684,1.046671279,0.684,1.587525847,0.684,1.610535125,0.684,1.645277604,0.684,1.57263258,0.684,1.600258856,0.684,1.598638277,0.684,1.622979046,0.684,1.587127545,0.684,1.625885984,0.684,1.550835766,0.684,1.49822856,0.684,1.554938462,0.684,1.613605843,0.684,1.451908051,0.684,1.518849615,0.684,1.527024246,0.684,1.572600222,0.684,1.49148974,0.684,1.582364519,0.684,1.310130677
0.72,1.14952101,0.72,1.141009315,0.72,1.186869826,0.72,1.125197639,0.72,1.156962176,0.72,1.155412529,0.72,1.15063601,0.72,1.148442949,0.72,1.170384132,0.72,1.093044204,0.72,1.031896874,0.72,1.014405401,0.72,1.062893716,0.72,1.00921759,0.72,1.043694075,0.72,1.035030545,0.72,1.030279329,0.72,1.033314677,0.72,1.044696772,0.72,0.981534922,0.72,1.459164349,0.72,1.504340385,0.72,1.55405297,0.72,1.42852786,0.72,1.47213446,0.72,1.480980328,0.72,1.516406847,0.72,1.453636711,0.72,1.527596844,0.72,1.366063695,0.72,1.088511557,0.72,1.114499692,0.72,1.283127447,0.72,1.056651869,0.72,1.099611812,0.72,1.103524021,0.72,1.123135531,0.72,1.085860213,0.72,1.181419602,0.72,1.018319859
0.756,1.072038657,0.756,1.059994635,0.756,1.104226859,0.756,1.048862804,0.756,1.080029788,0.756,1.076677049,0.756,1.070759583,0.756,1.071616077,0.756,1.088550866,0.756,1.018688243,0.756,0.969393306,0.756,0.950341266,0.756,0.998136362,0.756,0.947483931,0.756,0.98177094,0.756,0.971881643,0.756,0.967091637,0.756,0.971267849,0.756,0.980116342,0.756,0.921098068,0.756,1.145825291,0.756,1.233246896,0.756,1.351121444,0.756,1.107094001,0.756,1.150470672,0.756,1.173875543,0.756,1.217938986,0.756,1.13813529,0.756,1.295511485,0.756,1.059771962,0.756,0.996983335,0.756,0.982408246,0.756,1.035518351,0.756,0.972748255,0.756,1.0087083,0.756,1.001170284,0.756,0.997708006,0.756,0.997962431,0.756,1.015058671,0.756,0.943219767
0.792,1.000910226,0.792,0.986855748,0.792,1.030483261,0.792,0.978462956,0.792,1.009490064,0.792,1.004810066,0.792,0.998579003,0.792,1.000973363,0.792,1.015019872,0.792,0.949605908,0.792,0.910298608,0.792,0.890259424,0.792,0.937958468,0.792,0.888869432,0.792,0.92323829,0.792,0.912381346,0.792,0.907799637,0.792,0.91252932,0.792,0.919826679,0.792,0.863371313,0.792,1.024816878,0.792,1.019085452,0.792,1.069839904,0.792,0.999027577,0.792,1.032209189,0.792,1.03193837,0.792,1.027819808,0.792,1.02342124,0.792,1.051087239,0.792,0.965324776,0.792,0.932531319,0.792,0.912879288,0.792,0.96217545,0.792,0.910096698,0.792,0.945095696,0.792,0.935014676,0.792,0.929763176,0.792,0.934452205,0.792,0.943422836,0.792,0.88327622
0.828,0.933700099,0.828,0.918285782,0.828,0.961842052,0.828,0.911737621,0.828,0.942876017,0.828,0.937099994,0.828,0.930885094,0.828,0.934161415,0.828,0.946298352,0.828,0.883829988,0.828,0.853363653,0.828,0.832585263,0.828,0.880472546,0.828,0.83225913,0.828,0.866843699,0.828,0.855155774,0.828,0.850857692,0.828,0.855895965,0.828,0.862103579,0.828,0.807428743,0.828,0.946957438,0.828,0.933191374,0.828,0.979285388,0.828,0.923406875,0.828,0.955556367,0.828,0.951266583,0.828,0.944712574,0.828,0.946836331,0.828,0.962560333,0.828,0.893264579,0.828,0.875890708,0.828,0.854497853,0.828,0.902867248,0.828,0.854271101,0.828,0.889208288,0.828,0.877668488,0.828,0.872492953,0.828,0.878344802,0.828,0.88457463,0.828,0.828854085
0.864,0.869180989,0.864,0.852704649,0.864,0.896469235,0.864,0.847560974,0.864,0.878945152,0.864,0.872202746,0.864,0.866127683,0.864,0.869989528,0.864,0.880706154,0.864,0.820396565,0.864,0.797980891,0.864,0.776588199,0.864,0.824785374,0.864,0.777121119,0.864,0.811972436,0.864,0.799541285,0.864,0.795538186,0.864,0.80077988,0.864,0.806131063,0.864,0.752845146,0.864,0.879880123,0.864,0.863584405,0.864,0.908373098,0.864,0.857338584,0.864,0.889391276,0.864,0.883219471,0.864,0.876514396,0.864,0.880446199,0.864,0.892458701,0.864,0.82896298,0.864,0.822822654,0.864,0.800426095,0.864,0.848832268,0.864,0.801702101,0.864,0.836815496,0.864,0.824189364,0.864,0.81935103,0.864,0.825671467,0.864,0.830317434,0.864,0.777229266
0.9,0.806727375,0.9,0.789351206,0.9,0.833440849,0.9,0.785383124,0.9,0.817055315,0.9,0.809435084,0.9,0.803542364,0.9,0.807848982,0.9,0.817401255,0.9,0.758868901,0.9,0.743883784,0.9,0.721960169,0.9,0.770472446,0.9,0.723246138,0.9,0.758343891,0.9,0.745241763,0.9,0.741517903,0.9,0.746922342,0.9,0.75153372,0.9,0.699490475,0.9,0.817816038,0.9,0.799979945,0.9,0.844737005,0.9,0.795892018,0.9,0.828116645,0.9,0.820570522,0.9,0.81404733,0.9,0.818879727,0.9,0.828637703,0.9,0.768697351,0.9,0.771919122,0.9,0.748846276,0.9,0.797523286,0.9,0.751148668,0.9,0.78652615,0.9,0.773006522,0.9,0.768583703,0.9,0.775090554,0.9,0.778687359,0.9,0.727399336
0.936,0.746090259,0.936,0.727933231,0.936,0.772317723,0.936,0.725026654,0.936,0.756931597,0.936,0.748513973,0.936,0.742808823,0.936,0.747496792,0.936,0.756007716,0.936,0.699171449,0.936,0.691039916,0.936,0.668669489,0.936,0.717384246,0.936,0.670658425,0.936,0.705900861,0.936,0.692206114,0.936,0.68873093,0.936,0.694291418,0.936,0.698208164,0.936,0.647464907,0.936,0.758909709,0.936,0.740012715,0.936,0.785004433,0.936,0.73742698,0.936,0.769914804,0.936,0.761257899,0.936,0.755043875,0.936,0.760374118,0.936,0.7686013,0.936,0.711147165,0.936,0.722563002,0.936,0.698975171,0.936,0.747986447,0.936,0.702077783,0.936,0.737729895,0.936,0.723433331,0.936,0.719432433,0.936,0.726013735,0.936,0.728809785,0.936,0.678951759
0.972,0.687324383,0.972,0.668516897,0.972,0.712992694,0.972,0.666629398,0.972,0.698586467,0.972,0.689469936,0.972,0.683936433,0.972,0.688985551,0.972,0.696486761,0.972,0.641555801,0.972,0.639625299,0.972,0.616925444,0.972,0.665581123,0.972,0.619601958,0.972,0.654778252,0.972,0.640596149,0.972,0.637326702,0.972,0.643057006,0.972,0.646271639,0.972,0.597100466,0.972,0.702361211,0.972,0.68265789,0.972,0.727927126,0.972,0.681260428,0.972,0.713990854,0.972,0.7043876,0.972,0.698515094,0.972,0.704167203,0.972,0.71120233,0.972,0.655798762,0.972,0.674515638,0.972,0.650515468,0.972,0.69981935,0.972,0.654307014,0.972,0.690183737,0.972,0.675197722,0.972,0.671599233,0.972,0.678214533,0.972,0.680325042,0.972,0.631783464
1.008,0.630795775,1.008,0.611527277,1.008,0.655654255,1.008,0.610666238,1.008,0.64231818,1.008,0.632648152,1.008,0.627253967,1.008,0.632670652,1.008,0.639117591,1.008,0.586639949,1.008,0.590045119,1.008,0.567201662,1.008,0.615328449,1.008,0.570571556,1.008,0.605315487,1.008,0.590804356,1.008,0.587682341,1.008,0.593610271,1.008,0.596069485,1.008,0.549003013,1.008,0.647901223,1.008,0.627574002,1.008,0.672996895,1.008,0.62721026,1.008,0.660058506,1.008,0.649643638,1.008,0.644105552,1.008,0.650003413,1.008,0.656000682,1.008,0.602593266,1.008,0.627769441,1.008,0.603450934,1.008,0.652905016,1.008,0.60787956,1.008,0.643861207,1.008,0.628273069,1.008,0.625044008,1.008,0.631687743,1.008,0.633154553,1.008,0.58600523
1.044,0.577239277,1.044,0.557808536,1.044,0.600817377,1.044,0.558013314,1.044,0.588759906,1.044,0.578763656,1.044,0.57346027,1.044,0.57926648,1.044,0.584542987,1.044,0.535470414,1.044,0.542982719,1.044,0.520289964,1.044,0.567129178,1.044,0.524365178,1.044,0.558097448,1.044,0.543502379,1.044,0.540448145,1.044,0.546610732,1.044,0.54821923,1.044,0.504099483,1.044,0.595617032,1.044,0.57485023,1.044,0.620120907,1.044,0.575453193,1.044,0.608165594,1.044,0.597084373,1.044,0.59185113,1.044,0.597970445,1.044,0.602973621,1.044,0.551828536,1.044,0.582499912,1.044,0.55798325,1.044,0.607316826,1.044,0.563027547,1.044,0.598897962,1.044,0.582822619,1.044,0.579915341,1.044,0.586602251,1.044,0.587421693,1.044,0.541918283
1.08,0.527802881,1.08,0.508647927,1.08,0.549387477,1.08,0.509954379,1.08,0.538937014,1.08,0.528950443,1.08,0.523677254,1.08,0.529893584,1.08,0.533829253,1.08,0.489445309,1.08,0.499429001,1.08,0.477309618,1.08,0.521771925,1.08,0.482081219,1.08,0.513994457,1.08,0.499674492,1.08,0.496585446,1.08,0.503018464,1.08,0.503654693,1.08,0.463570479,1.08,0.545918347,1.08,0.524952265,1.08,0.569525241,1.08,0.526507479,1.08,0.558653928,1.08,0.547097575,1.08,0.542120239,1.08,0.54846741,1.08,0.552438981,1.08,0.504161268,1.08,0.539061111,1.08,0.514528252,1.08,0.563288729,1.08,0.520175155,1.08,0.555578162,1.08,0.539192437,1.08,0.536535252,1.08,0.543294558,1.08,0.543434546,1.08,0.500024288
1.116,0.483867068,1.116,0.4654783,1.116,0.502650061,1.116,0.467844964,1.116,0.494179227,1.116,0.484600225,1.116,0.479309703,1.116,0.485918966,1.116,0.488369309,1.116,0.449759523,1.116,0.460539391,1.116,0.439457578,1.116,0.480321614,1.116,0.444855363,1.116,0.474099494,1.116,0.460487005,1.116,0.45726151,1.116,0.463972633,1.116,0.463544979,1.116,0.428426712,1.116,0.499557203,1.116,0.478734792,1.116,0.521751425,1.116,0.481251308,1.116,0.512176113,1.116,0.500417797,1.116,0.495626945,1.116,0.502225207,1.116,0.505062944,1.116,0.460608395,1.116,0.498001173,1.116,0.473736076,1.116,0.521216347,1.116,0.479956582,1.116,0.5143433,1.116,0.497926781,1.116,0.495410197,1.116,0.502282266,1.116,0.50169753,1.116,0.46104069
1.152,0.44635163,1.152,0.42901562,1.152,0.461902606,1.152,0.43227237,1.152,0.455591652,1.152,0.446686617,1.152,0.441391929,1.152,0.448299539,1.152,0.449298656,1.152,0.416539242,1.152,0.427114194,1.152,0.407341082,1.152,0.443863083,1.152,0.413221877,1.152,0.439361068,1.152,0.426778462,1.152,0.423375918,1.152,0.430310275,1.152,0.428855164,1.152,0.39883969,1.152,0.457596658,1.152,0.437364129,1.152,0.477673251,1.152,0.440826701,1.152,0.469694744,1.152,0.458102197,1.152,0.453415586,1.152,0.460283037,1.152,0.461856696,1.152,0.422332091,1.152,0.460066238,1.152,0.436479031,1.152,0.481673496,1.152,0.443198835,1.152,0.475810047,1.152,0.459773971,1.152,0.457244007,1.152,0.464272346,1.152,0.462923984,1.152,0.425843402
1.188,0.415022653,1.188,0.398711907,1.188,0.427630118,1.188,0.402637419,1.188,0.423274157,1.188,0.415030017,1.188,0.409809385,1.188,0.416869626,1.188,0.416659168,1.188,0.388874313,1.188,0.399042278,1.188,0.380551491,1.188,0.412896859,1.188,0.386750406,1.188,0.409982041,1.188,0.398477823,1.188,0.39494112,1.188,0.401992799,1.188,0.39969907,1.188,0.374098975,1.188,0.421090985,1.188,0.40184678,1.188,0.438393082,1.188,0.406153213,1.188,0.432285445,1.188,0.421229221,1.188,0.416590162,1.188,0.423699051,1.188,0.423950199,1.188,0.389974795,1.188,0.426095801,1.188,0.403649965,1.188,0.445408734,1.188,0.410727681,1.188,0.44074468,1.188,0.425587023,1.188,0.422873653,1.188,0.430081476,1.188,0.427971402,1.188,0.395157364
1.224,0.388852932,1.224,0.373402082,1.224,0.39917634,1.224,0.377819952,1.224,0.39636252,1.224,0.388609787,1.224,0.383551999,1.224,0.390636574,1.224,0.389500372,1.224,0.365637716,1.224,0.375497464,1.224,0.358127998,1.224,0.386988738,1.224,0.364502838,1.224,0.385321582,1.224,0.374769371,1.224,0.371164808,1.224,0.378231812,1.224,0.375339353,1.224,0.353222961,1.224,0.390398732,1.224,0.372267663,1.224,0.40477169,1.224,0.377237346,1.224,0.400557639,1.224,0.390208555,1.224,0.385632468,1.224,0.392887677,1.224,0.391938067,1.224,0.363148521,1.224,0.396656398,1.224,0.375647587,1.224,0.413201638,1.224,0.3828991,1.224,0.409847909,1.224,0.395959784,1.224,0.392956367,1.224,0.400313419,1.224,0.397532243,1.224,0.369059965
1.26,0.366779425,1.26,0.352024313,1.26,0.375425276,1.26,0.356816471,1.26,0.373776409,1.26,0.366344482,1.26,0.361515018,1.26,0.36853706,1.26,0.366696389,1.26,0.345914031,1.26,0.355531593,1.26,0.339129242,1.26,0.365201755,1.26,0.345564953,1.26,0.364436596,1.26,0.354695852,1.26,0.351066173,1.26,0.358077766,1.26,0.35479611,1.26,0.335356615,1.26,0.36492653,1.26,0.347798735,1.26,0.376786211,1.26,0.353253772,1.26,0.374180932,1.26,0.364476912,1.26,0.360024823,1.26,0.367310965,1.26,0.365408014,1.26,0.340874263,1.26,0.371633983,1.26,0.352072954,1.26,0.385455971,1.26,0.359336263,1.26,0.38332526,1.26,0.37080051,1.26,0.367510848,1.26,0.374938561,1.26,0.371660619,1.26,0.346963637
1.296,0.347972356,1.296,0.333783747,1.296,0.355388707,1.296,0.338869256,1.296,0.354619829,1.296,0.347387696,1.296,0.342823461,1.296,0.349729629,1.296,0.347344175,1.296,0.329019323,1.296,0.338357526,1.296,0.322805944,1.296,0.346626549,1.296,0.329211577,1.296,0.346494964,1.296,0.337457326,1.296,0.333821655,1.296,0.340734596,1.296,0.337224085,1.296,0.319845298,1.296,0.34368791,1.296,0.327403659,1.296,0.353610331,1.296,0.333201522,1.296,0.352228401,1.296,0.343044966,1.296,0.338762116,1.296,0.345992475,1.296,0.343384139,1.296,0.322181813,1.296,0.350375321,1.296,0.332115933,1.296,0.361897668,1.296,0.339284662,1.296,0.36075053,1.296,0.34945501,1.296,0.345944781,1.296,0.353361331,1.296,0.349766536,1.296,0.328089131
1.332,0.331809805,1.332,0.318096096,1.332,0.3383103,1.332,0.323408808,1.332,0.338204253,1.332,0.331108269,1.332,0.326817496,1.332,0.333577476,1.332,0.330772136,1.332,0.314429253,1.332,0.323380302,1.332,0.308590213,1.332,0.330555579,1.332,0.314900394,1.332,0.330867734,1.332,0.322446576,1.332,0.318814805,1.332,0.325603587,1.332,0.321977448,1.332,0.306207133,1.332,0.325777087,1.332,0.310212928,1.332,0.334235903,1.332,0.316233078,1.332,0.333739013,1.332,0.324996075,1.332,0.320889028,1.332,0.328011807,1.332,0.324906885,1.332,0.306287288,1.332,0.332136312,1.332,0.315004877,1.332,0.341841967,1.332,0.322021557,1.332,0.341428369,1.332,0.331165736,1.332,0.327507258,1.332,0.334852642,1.332,0.331075564,1.332,0.311768872
1.368,0.317807081,1.368,0.304513043,1.368,0.323606882,1.368,0.309985241,1.368,0.323988045,1.368,0.317018144,1.368,0.312981264,1.368,0.319580448,1.368,0.316466704,1.368,0.301719287,1.368,0.310163442,1.368,0.296059136,1.368,0.316472496,1.368,0.302234137,1.368,0.317098171,1.368,0.3092166,1.368,0.305598585,1.368,0.312248407,1.368,0.308580498,1.368,0.294091307,1.368,0.310470511,1.368,0.29555026,1.368,0.317803283,1.368,0.301681794,1.368,0.317927793,1.368,0.30959792,1.368,0.305641924,1.368,0.312630137,1.368,0.309202352,1.368,0.292579806,1.368,0.316302714,1.368,0.300143228,1.368,0.32459265,1.368,0.306982076,1.368,0.324715362,1.368,0.315305785,1.368,0.311558888,1.368,0.318794743,1.368,0.314924103,1.368,0.297496308
1.404,0.305566045,1.404,0.292668057,1.404,0.310811029,1.404,0.298224383,1.404,0.311534006,1.404,0.304718263,1.404,0.300894381,1.404,0.307328482,1.404,0.304012583,1.404,0.290533872,1.404,0.298388297,1.404,0.284901446,1.404,0.304003448,1.404,0.290922091,1.404,0.30485293,1.404,0.297440951,1.404,0.293848084,1.404,0.300350833,1.404,0.296686543,1.404,0.283239815,1.404,0.297204873,1.404,0.282884869,1.404,0.303647656,1.404,0.289028958,1.404,0.304199041,1.404,0.296278859,1.404,0.292436848,1.404,0.299278149,1.404,0.295667308,1.404,0.280590767,1.404,0.302410084,1.404,0.287092068,1.404,0.309589999,1.404,0.293744861,1.404,0.310105333,1.404,0.30140211,1.404,0.2976121,1.404,0.304715459,1.404,0.300808199,1.404,0.284894145
1.44,0.294752854,1.44,0.282247316,1.44,0.299543882,1.44,0.287811292,1.44,0.30049368,1.44,0.293872581,1.44,0.290213295,1.44,0.29648381,1.44,0.293061577,1.44,0.280580002,1.44,0.287818587,1.44,0.274887391,1.44,0.292872758,1.44,0.280747593,1.44,0.293882736,1.44,0.286878331,1.44,0.283321864,1.44,0.289673854,1.44,0.286040496,1.44,0.273457947,1.44,0.285550713,1.44,0.271799382,1.44,0.291274873,1.44,0.277879773,1.44,0.292117324,1.44,0.284599722,1.44,0.280840229,1.44,0.287529835,1.44,0.283838054,1.44,0.269971552,1.44,0.290110418,1.44,0.275526675,1.44,0.29641005,1.44,0.281994107,1.44,0.297214393,1.44,0.289101321,1.44,0.285301319,1.44,0.292259357,1.44,0.288352349,1.44,0.273677762
1.476,0.285095897,1.476,0.272983501,1.476,0.28950796,1.476,0.278491023,1.476,0.290601338,1.476,0.284204253,1.476,0.280668442,1.476,0.286779232,1.476,0.283325672,1.476,0.271629178,1.476,0.278274145,1.476,0.265843711,1.476,0.282871306,1.476,0.271544428,1.476,0.283995831,1.476,0.277345589,1.476,0.273835178,1.476,0.280035742,1.476,0.276449868,1.476,0.26459432,1.476,0.275191047,1.476,0.261974974,1.476,0.280327755,1.476,0.267943734,1.476,0.281370179,1.476,0.274233711,1.476,0.270538582,1.476,0.277075442,1.476,0.273368552,1.476,0.260469684,1.476,0.279139159,1.476,0.265201554,1.476,0.28473247,1.476,0.271488655,1.476,0.28575032,1.476,0.278135481,1.476,0.274349309,1.476,0.281155794,1.476,0.27727326,1.476,0.263628116
1.512,0.276386818,1.512,0.264661093,1.512,0.280480787,1.512,0.27006954,1.512,0.281662006,1.512,0.275498047,1.512,0.272058984,1.512,0.278014484,1.512,0.27457922,1.512,0.263512433,1.512,0.26961359,1.512,0.257635773,1.512,0.273836036,1.512,0.263181408,1.512,0.275040955,1.512,0.268699561,1.512,0.265242773,1.512,0.271293315,1.512,0.267765046,1.512,0.25652815,1.512,0.26589652,1.512,0.253177274,1.512,0.270549796,1.512,0.259010701,1.512,0.271731231,1.512,0.26494378,1.512,0.261306127,1.512,0.267691294,1.512,0.264007616,1.512,0.25190203,1.512,0.269291229,1.512,0.255926713,1.512,0.274311746,1.512,0.262040538,1.512,0.275487231,1.512,0.268297333,1.512,0.264541928,1.512,0.271194928,1.512,0.267352919,1.512,0.254573234
1.548,0.268472665,1.548,0.257117637,1.548,0.272300229,1.548,0.262404928,1.548,0.273532976,1.548,0.267595028,1.548,0.264238655,1.548,0.270043397,1.548,0.26665484,1.548,0.256106577,1.548,0.261723266,1.548,0.250156025,1.548,0.265636842,1.548,0.25555255,1.548,0.266896296,1.548,0.260825501,1.548,0.257427873,1.548,0.263331206,1.548,0.259866682,1.548,0.249161051,1.548,0.257499314,1.548,0.245236408,1.548,0.261752859,1.548,0.250926317,1.548,0.263031337,1.548,0.256557232,1.548,0.252976294,1.548,0.25921226,1.548,0.255572941,1.548,0.244131812,1.548,0.260404603,1.548,0.247552006,1.548,0.264956295,1.548,0.253500448,1.548,0.266247451,1.548,0.259423403,1.548,0.25571065,1.548,0.262211048,1.548,0.258420188,1.548,0.246375648
1.584,0.26124119,1.584,0.250234851,1.584,0.264846423,1.584,0.255392781,1.584,0.266106546,1.584,0.260379023,1.584,0.257098914,1.584,0.262757553,1.584,0.25943045,1.584,0.24931933,1.584,0.254510045,1.584,0.243316633,1.584,0.258167938,1.584,0.248570637,1.584,0.259462079,1.584,0.253629576,1.584,0.250294894,1.584,0.25605478,1.584,0.252657577,1.584,0.242411543,1.584,0.249872458,1.584,0.238026662,1.584,0.253794047,1.584,0.243573121,1.584,0.255139613,1.584,0.248944331,1.584,0.245421676,1.584,0.251511973,1.584,0.247928444,1.584,0.23705297,1.584,0.252349061,1.584,0.239956608,1.584,0.256513985,1.584,0.245747797,1.584,0.257888883,1.584,0.251382484,1.584,0.24772056,1.584,0.25407108,1.584,0.250338289,1.584,0.238923734
1.62,0.254607136,1.62,0.243925382,1.62,0.25802733,1.62,0.248953347,1.62,0.259298124,1.62,0.253762554,1.62,0.250555937,1.62,0.256073303,1.62,0.252814726,1.62,0.243078555,1.62,0.247896435,1.62,0.237044617,1.62,0.251341981,1.62,0.242162824,1.62,0.252655428,1.62,0.247033826,1.62,0.243764445,1.62,0.249385266,1.62,0.246057248,1.62,0.236211253,1.62,0.242916332,1.62,0.231451403,1.62,0.246561131,1.62,0.236858431,1.62,0.247951721,1.62,0.242003919,1.62,0.238541516,1.62,0.24449041,1.62,0.240968693,1.62,0.230580541,1.62,0.245018381,1.62,0.233041793,1.62,0.248862086,1.62,0.238683787,1.62,0.250296181,1.62,0.244067658,1.62,0.240462016,1.62,0.246666577,1.62,0.242996186,1.62,0.23212562
1.656,0.248502953,1.656,0.238121962,1.656,0.251769487,1.656,0.243023074,1.656,0.253038955,1.656,0.247676877,1.656,0.244542433,1.656,0.249923507,1.656,0.246736397,1.656,0.237325677,1.656,0.241817154,1.656,0.231278511,1.656,0.245085936,1.656,0.23626755,1.656,0.2464067,1.656,0.240972647,1.656,0.23776979,1.656,0.243256319,1.656,0.239998166,1.656,0.230502176,1.656,0.236550398,1.656,0.225433615,1.656,0.239963558,1.656,0.230706954,1.656,0.241382519,1.656,0.235654587,1.656,0.232254001,1.656,0.238066251,1.656,0.234609288,1.656,0.224644732,1.656,0.238324787,1.656,0.226725829,1.656,0.241900202,1.656,0.232226456,1.656,0.243374471,1.656,0.237390653,1.656,0.233844737,1.656,0.239908011,1.656,0.236302507,1.656,0.225904791
1.692,0.242873206,1.692,0.232770526,1.692,0.246012423,1.692,0.237549561,1.692,0.247271694,1.692,0.242065914,1.692,0.239002718,1.692,0.244252592,1.692,0.24113766,1.692,0.232011736,1.692,0.236216646,1.692,0.225965981,1.692,0.239338081,1.692,0.230832278,1.692,0.24065679,1.692,0.235390251,1.692,0.232254268,1.692,0.2376115,1.692,0.234423054,1.692,0.225234663,1.692,0.230708041,1.692,0.219910152,1.692,0.233926724,1.692,0.22505616,1.692,0.235361274,1.692,0.229829211,1.692,0.226491344,1.692,0.232172013,1.692,0.228780938,1.692,0.219187118,1.692,0.232194924,1.692,0.22094029,1.692,0.235545198,1.692,0.226307076,1.692,0.237044813,1.692,0.231277755,1.692,0.227793521,1.692,0.23372064,1.692,0.230181177,1.692,0.220196871
1.728,0.23767121,1.728,0.227826148,1.728,0.240705221,1.728,0.232488509,1.728,0.241947612,1.728,0.236882631,1.728,0.233889694,1.728,0.239013508,1.728,0.235970249,1.728,0.227094958,1.728,0.231047221,1.728,0.22106207,1.728,0.234045777,1.728,0.225811799,1.728,0.23535511,1.728,0.230238785,1.728,0.227169357,1.728,0.232402389,1.728,0.229282884,1.728,0.220365879,1.728,0.225333214,1.728,0.214828138,1.728,0.228388184,1.728,0.219853257,1.728,0.229828405,1.728,0.224471436,1.728,0.221196515,1.728,0.226750829,1.728,0.223425664,1.728,0.214158099,1.728,0.226566885,1.728,0.215627331,1.728,0.229727486,1.728,0.220867463,1.728,0.231240847,1.728,0.225666792,1.728,0.222245094,1.728,0.228041438,1.728,0.224568201,1.728,0.214947196
1.764,0.232856922,1.764,0.223250585,1.764,0.235804314,1.764,0.227801805,1.764,0.237024746,1.764,0.232086785,1.764,0.229162897,1.764,0.234165788,1.764,0.231193005,1.764,0.222539194,1.764,0.22626764,1.764,0.216527866,1.764,0.229163776,1.764,0.221166932,1.764,0.230458032,1.764,0.225476886,1.764,0.22247319,1.764,0.227587142,1.764,0.224535372,1.764,0.215858624,1.764,0.220378156,1.764,0.210142609,1.764,0.223295021,1.764,0.215053127,1.764,0.224733179,1.764,0.219533299,1.764,0.21632097,1.764,0.221754214,1.764,0.218494267,1.764,0.20951512,1.764,0.221387963,1.764,0.210737625,1.764,0.224388259,1.764,0.215857945,1.764,0.225906273,1.764,0.220504863,1.764,0.217145733,1.764,0.222816791,1.764,0.219409256,1.764,0.210108978
1.8,0.228395557,1.8,0.219010745,1.8,0.231271989,1.8,0.223456267,1.8,0.23246661,1.8,0.227643475,1.8,0.224787183,1.8,0.229674239,1.8,0.226770327,1.8,0.218312847,1.8,0.221842008,1.8,0.212329469,1.8,0.224652912,1.8,0.216863507,1.8,0.225927676,1.8,0.221068569,1.8,0.218129404,1.8,0.223129354,1.8,0.220143792,1.8,0.211680386,1.8,0.215801769,1.8,0.205814894,1.8,0.218601956,1.8,0.210616852,1.8,0.220032018,1.8,0.214973567,1.8,0.211823009,1.8,0.21714045,1.8,0.213944544,1.8,0.205221365,1.8,0.21661293,1.8,0.206228791,1.8,0.219477399,1.8,0.211235795,1.8,0.220992943,1.8,0.215746596,1.8,0.212449458,1.8,0.218000729,1.8,0.214657851,1.8,0.205641872
